,view_count,like_count,dislike_count,comment_count
count,200.0,200.0,200.0,200.0
mean,2020247.78,63148.67,0.0,5426.49
std,3591255.523253506,106483.0759779682,0.0,11092.333168703852
min,66379.0,0.0,0.0,0.0
25%,343921.25,9256.75,0.0,922.25
50%,792157.0,22708.5,0.0,1972.0
75%,1938756.25,74788.25,0.0,5186.5
max,21768403.0,589724.0,0.0,103603.0
